rental_contact_id,last_name,first_name,phone_number,email_address,drivers_license_no,street,city,state,zip_code
1,Johansson,Emma,(206) 678-9012,james@gmail.com,WDL-921-18-3633,7475 Ash Way,Mukilteo,WA,98037
2,Ali,Omar,(206) 765-4321,lisa@hotmail.com,WDL-573-20-3417,1415 Maple St,Mukilteo,WA,98155
3,Carter,Gabriel,(206) 234-9012,michael@yahoo.com,WDL-840-71-8221,9495 Walnut Blvd,Shoreline,WA,98133
4,Henderson,Ethan,(425) 876-5432,sara@outlook.com,WDLF290831944,2021 Hemlock St,Mountlake Terrace,WA,98036
5,Khan,Muhammad,(971) 329-6481,jason@gmail.com,WDLE904099986,7677 Fir Way,Lynnwood,WA,98177
6,Nguyen,James,(206) 678-9012,emily@hotmail.com,WDL-815-78-8004,7677 Fir Way,Lynnwood,WA,98087
7,Brown,Olivia,(425) 890-1234,john@yahoo.com,WDL-239-48-7752,2627 Ash St,Mukilteo,WA,98125
8,Brown,Brandon,(425) 234-9012,natalie@outlook.com,WDL-923-34-9921,4243 Birch Ave,Edmonds,WA,98020
9,Diaz,Giselle,(425) 678-9012,david@gmail.com,WDL-451-03-9312,5657 Elm Way,Mountlake Terrace,WA,98021
10,Martin,Christopher,(425) 432-1098,ashley@hotmail.com,WDL-678-46-7705,6869 Hemlock Way,Mountlake Terrace,WA,98011
11,Reed,Ethan,(206) 901-2345,william@yahoo.com,WDLB949362688,5657 Elm Way,Mountlake Terrace,WA,98012
12,Mitchell,Scarlett,(206) 890-1234,amanda@outlook.com,WDLH259701551,1819 Birch St,Edmonds,WA,98026
13,Moretti,Alessia,(425) 901-2345,robert@gmail.com,WDL-627-91-6732,123 Main St,Lynnwood,WA,98043
14,Anderson,Michael,(703) 635-4920,jessica@hotmail.com,WDL-124-54-0144,2829 Fir St,Lynnwood,WA,98208
15,Ahmed,Hiba,(206) 432-1098,richard@yahoo.com,WDLC338171426,8283 Oak Blvd,Shoreline,WA,98103
16,Edwards,Sophia,(425) 890-5678,rachel@outlook.com,WDL-466-66-3625,9697 Chestnut Blvd,Everett,WA,98046
17,Shah,Amir,(305) 908-2145,jennifer@gmail.com,WDLG162695153,1415 Maple St,Mukilteo,WA,98117
18,Ali,Nabil,(619) 449-7654,brittany@hotmail.com,WDLD145890054,8081 Elm Blvd,Mountlake Terrace,WA,98115
19,Lima,Rafael,(206) 678-9012,matthew@yahoo.com,WDL-687-52-1611,5051 Ash Ave,Mukilteo,WA,98072
20,Perez,Joseph,(206) 890-5678,katie@outlook.com,WDLF988568092,7071 Walnut Way,Shoreline,WA,98043
21,Mahmoud,Marwa,(425) 890-1234,daniel@gmail.com,WDL-204-13-9959,3839 Maple Ave,Mukilteo,WA,98034
22,Coleman,Audrey,(425) 890-1234,stephanie@hotmail.com,WDLF298913643,1011 Pine St,Shoreline,WA,98107
23,Amin,Mustafa,(425) 789-0123,christopher@yahoo.com,WDL-877-59-8869,6869 Hemlock Way,Mountlake Terrace,WA,98077
24,Rodriguez,Miguel,(206) 456-7890,cassandra@outlook.com,WDL-132-60-6891,4243 Birch Ave,Edmonds,WA,98028
25,Foster,Ruby,(206) 432-1098,andrew@gmail.com,WDLE279623599,4849 Chestnut Ave,Everett,WA,98199
26,Johnson,Emily,(206) 765-4321,heather@hotmail.com,WDL-722-37-8949,456 Elm St,Edmonds,WA,98275
27,Martin,Samantha,(206) 901-2345,anthony@yahoo.com,WDL-865-98-4789,2223 Walnut St,Shoreline,WA,98087
28,Turner,Logan,(425) 890-5678,tiffany@outlook.com,WDLC186105346,2627 Ash St,Mukilteo,WA,98296
29,Carter,Natalie,(425) 321-0987,kevin@gmail.com,WDL-379-14-1257,6061 Pine Way,Everett,WA,98258
30,Silva,Ana,(425) 765-4321,bethany@hotmail.com,WDLC346918379,2829 Fir St,Lynnwood,WA,98272
31,Morris,Hailey,(425) 321-0987,timothy@yahoo.com,WDLG500329214,6263 Maple Way,Mukilteo,WA,98270
32,Anderson,Noah,(907) 786-5309,megan@outlook.com,WDLH267296918,8687 Maple Blvd,Mukilteo,WA,98037
33,Dubois,Lea,(206) 234-9012,steven@gmail.com,WDLF134066773,1213 Cedar St,Everett,WA,98271
34,Mitchell,Avery,(650) 418-7654,jordan@hotmail.com,WDL-397-07-2033,2223 Walnut St,Shoreline,WA,98117
35,Berg,Niklas,(360) 622-9834,joseph@yahoo.com,WDLB376418222,6465 Spruce Way,Lynnwood,WA,98012
36,Patel,Lila,(206) 456-7890,melissa@outlook.com,WDL-176-74-5108,9899 Ash Blvd,Mukilteo,WA,98087
37,Ramirez,Santiago,(408) 287-4392,brandon@gmail.com,WDLB545774702,1617 Spruce St,Lynnwood,WA,98037
38,Müller,Sebastian,(425) 890-5678,kayla@hotmail.com,WDLB832361198,5859 Oak Way,Shoreline,WA,98036
39,Hernandez,Isabella,(530) 621-5432,justin@yahoo.com,WDLA631986876,1213 Cedar St,Everett,WA,98043
40,Rivera,Elijah,(425) 321-0987,morgan@outlook.com,WDL-598-55-5231,7475 Ash Way,Mukilteo,WA,98115
41,Oliveira,Thiago,(206) 765-4321,brian@gmail.com,WDLE357320239,7879 Cedar Blvd,Edmonds,WA,98208
42,Reyes,Madison,(312) 502-8675,vanessa@hotmail.com,WDL-643-10-8398,3031 Cedar Ave,Edmonds,WA,98177
43,Taylor,Sarah,(425) 456-7890,peter@yahoo.com,WDLA930792167,9495 Walnut Blvd,Shoreline,WA,98204
44,Scott,Isaac,(509) 241-8765,lindsay@outlook.com,WDLC640139137,6061 Pine Way,Everett,WA,98125
45,Popov,Andriy,(917) 803-5246,patrick@gmail.com,WDLI725481873,2021 Hemlock St,Mountlake Terrace,WA,98021
46,Reed,Jacob,(206) 432-1098,haley@hotmail.com,WDLD749790345,9293 Hemlock Blvd,Mountlake Terrace,WA,98011
47,Rodriguez,Emilia,(415) 712-8576,frank@yahoo.com,WDL-602-90-8775,4849 Chestnut Ave,Everett,WA,98026
48,Ivanova,Elena,(425) 890-5678,kristin@outlook.com,WDLG628948193,6667 Birch Way,Edmonds,WA,98020
49,Johnson,William,(206) 890-5678,gregory@gmail.com,WDL-361-57-1368,4445 Hemlock Ave,Mountlake Terrace,WA,98072
50,Hernandez,Maria,(425) 765-4321,nicole@hotmail.com,WDLC458275478,1011 Pine St,Shoreline,WA,98046
51,Kovalenko,Maxim,(916) 208-3421,eric@yahoo.com,WDLI590246116,789 Oak St,Mountlake Terrace,WA,98103
52,Elsayed,Omar,(206) 456-7890,emma@outlook.com,WDLA877021784,8081 Elm Blvd,Mountlake Terrace,WA,98275
53,Rossi,Federico,(206) 890-1234,benjamin@gmail.com,WDL-752-93-4950,8485 Pine Blvd,Everett,WA,98155
54,Turner,Samuel,(425) 901-2345,courtney@hotmail.com,WDL-719-81-5503,3839 Maple Ave,Mukilteo,WA,98133
55,Cook,Nathaniel,(503) 518-9423,jeremy@yahoo.com,WDLF316208144,5455 Cedar Way,Edmonds,WA,98034
56,Clark,Olivia,(425) 321-0987,chelsea@outlook.com,WDL-122-44-4370,123 Main St,Lynnwood,WA,98028
57,Rahman,Abdul,(206) 321-0987,mitchell@gmail.com,WDLF461881032,2425 Chestnut St,Everett,WA,98107
58,Hussein,Nour,(425) 432-1098,lauren@hotmail.com,WDL-248-29-2583,8485 Pine Blvd,Everett,WA,98199
59,Walker,Audrey,(425) 678-9012,travis@yahoo.com,WDLD870919317,8283 Oak Blvd,Shoreline,WA,98077
60,Fernandez,Sofia,(206) 321-0987,madison@outlook.com,WDL-678-89-9210,6667 Birch Way,Edmonds,WA,98270
61,Young,Isaac,(425) 765-4321,nicholas@gmail.com,WDLA825769989,3233 Elm Ave,Mountlake Terrace,WA,98037
62,Ahmed,Layla,(206) 321-0987,jocelyn@hotmail.com,WDL-941-41-4452,6465 Spruce Way,Lynnwood,WA,98117
63,Wright,Christopher,(650) 639-2071,alexander@yahoo.com,WDL-387-53-7367,456 Elm St,Edmonds,WA,98043
64,Lee,Daniel,(206) 901-2345,kelsey@outlook.com,WDL-784-28-0114,3031 Cedar Ave,Edmonds,WA,98258
65,Martinez,Ana Maria,(425) 901-2345,jonathan@gmail.com,WDLG221486947,9899 Ash Blvd,Mukilteo,WA,98296
66,Singh,Anaya,(206) 765-4321,sydney@hotmail.com,WDLB374791504,8889 Spruce Blvd,Lynnwood,WA,98087
67,Shah,Malika,(208) 921-4567,dustin@yahoo.com,WDLD317219658,9091 Birch Blvd,Edmonds,WA,98115
68,Ross,Leah,(206) 345-6789,katelyn@outlook.com,WDLH201922342,4647 Walnut Ave,Shoreline,WA,98021
69,Phillips,Ashley,(206) 384-1290,joshua@gmail.com,WDLI682220172,5051 Ash Ave,Mukilteo,WA,98012
70,Lewis,Matthew,(425) 777-2564,caroline@hotmail.com,WDLD245510107,9293 Hemlock Blvd,Mountlake Terrace,WA,98026
71,Patel,Aaliyah,(707) 245-8901,samuel@yahoo.com,WDLG668658129,4041 Spruce Ave,Lynnwood,WA,98020
72,Davis,Cameron,(206) 901-2345,rebecca@outlook.com,WDLE407652080,4647 Walnut Ave,Shoreline,WA,98072
73,Martinez,Isabella,(206) 890-1234,tyler@gmail.com,WDL-874-88-6267,3435 Oak Ave,Shoreline,WA,98208
74,Ramirez,Charlotte,(206) 890-5678,taylor@hotmail.com,WDLI679090903,3435 Oak Ave,Shoreline,WA,98037
75,Silva,Hugo,(425) 456-7890,zachary@yahoo.com,WDLG472758195,7071 Walnut Way,Shoreline,WA,98177
76,Foster,John,(206) 567-8901,catherine@outlook.com,WDLI447703997,3233 Elm Ave,Mountlake Terrace,WA,98204
77,Abdul,Aisha,(206) 234-9012,morgan@gmail.com,WDLA332546962,8687 Maple Blvd,Mukilteo,WA,98125
78,Hassan,Ahmed,(206) 234-5678,alyssa@hotmail.com,WDLA263849470,1617 Spruce St,Lynnwood,WA,98046
79,Brown,David,(206) 234-9012,brendan@yahoo.com,WDLE307412121,5859 Oak Way,Shoreline,WA,98011
80,Jensen,Jakob,(408) 564-2309,julia@outlook.com,WDLH173322903,789 Oak St,Mountlake Terrace,WA,98034
81,White,Harper,(831) 236-0198,victoria@gmail.com,WDLB802906193,5253 Fir Ave,Lynnwood,WA,98028
82,Allen,Amelia,(425) 678-9012,rachael@hotmail.com,WDLD849449611,5253 Fir Ave,Lynnwood,WA,98103
83,King,Caleb,(831) 846-3197,jacob@yahoo.com,WDLE719090055,8889 Spruce Blvd,Lynnwood,WA,98275
84,Andreeva,Elena,(214) 736-5219,samantha@outlook.com,WDL-438-45-7711,4041 Spruce Ave,Lynnwood,WA,98043
85,Rodriguez,William,(206) 987-6543,mason@gmail.com,WDLC776840201,9091 Birch Blvd,Edmonds,WA,98133
86,Ibrahim,Lina,(425) 456-7890,kendra@hotmail.com,WDL-291-67-3017,7273 Chestnut Way,Everett,WA,98107
87,Wilson,Owen,(425) 456-7890,adam@yahoo.com,WDLH220290691,123 Main St,Lynnwood,WA,98199
88,Alves,Sofia,(425) 432-1098,miranda@outlook.com,WDL-416-62-0523,7273 Chestnut Way,Everett,WA,98077
89,Phillips,Penelope,(425) 234-9012,nathan@gmail.com,WDLI489904630,789 Oak St,Mountlake Terrace,WA,98270
90,Taylor,Victoria,(858) 657-9012,kristina@hotmail.com,WDLH441065876,6263 Maple Way,Mukilteo,WA,98037
91,Torres,Alejandra,(425) 234-9012,jared@yahoo.com,WDL-190-38-1133,3637 Pine Ave,Everett,WA,98021
92,Santos,Sofia,(425) 456-7890,sabrina@outlook.com,WDLE545601747,5455 Cedar Way,Edmonds,WA,98258
93,Costa,Leonardo,(425) 432-1098,james@gmail.com,WDL-579-36-1678,3637 Pine Ave,Everett,WA,98012
94,Hill,Gabriella,(425) 678-9012,lisa@hotmail.com,WDL-557-24-1867,9697 Chestnut Blvd,Everett,WA,98117
95,Davis,Joshua,(206) 890-1234,michael@yahoo.com,WDLD811402232,4445 Hemlock Ave,Mountlake Terrace,WA,98087
96,Dupont,Amelie,(425) 123-4567,sara@outlook.com,WDL-525-47-3472,456 Elm St,Edmonds,WA,98026
97,Costa,Renata,(425) 901-2345,jason@gmail.com,WDL-917-64-2158,2425 Chestnut St,Everett,WA,98020
98,Abbas,Yusuf,(206) 678-9012,emily@hotmail.com,WDL-706-95-4093,7879 Cedar Blvd,Edmonds,WA,98115
99,Scott,Julia,(253) 459-1732,john@yahoo.com,WDLC482238517,1819 Birch St,Edmonds,WA,98036
